-- Insert sample profiles
INSERT INTO public.profiles (id, email, first_name, last_name, bio, profession, community_id, skills, interests, hometown_india, languages, linkedin_url, avatar_url, experience_years, is_verified) VALUES
('11111111-1111-1111-1111-111111111111', 'priya.sharma@email.com', 'Priya', 'Sharma', 'Software engineer with passion for building innovative solutions', 'Software Engineer', (SELECT id FROM communities WHERE name = 'San Francisco Bay Area Indian Community'), ARRAY['JavaScript', 'React', 'Node.js', 'Python'], ARRAY['Technology', 'Classical Music', 'Cooking', 'Hiking'], 'Mumbai', ARRAY['Hindi', 'English', 'Marathi'], 'https://linkedin.com/in/priyasharma', null, 5, true),
('22222222-2222-2222-2222-222222222222', 'rajesh.patel@email.com', 'Rajesh', 'Patel', 'Product manager helping startups scale and grow', 'Product Manager', (SELECT id FROM communities WHERE name = 'Seattle Indian Professionals'), ARRAY['Product Strategy', 'Data Analysis', 'Agile', 'Leadership'], ARRAY['Business', 'Cricket', 'Travel', 'Photography'], 'Ahmedabad', ARRAY['Hindi', 'English', 'Gujarati'], 'https://linkedin.com/in/rajeshpatel', null, 8, true),
('33333333-3333-3333-3333-333333333333', 'anita.krishnan@email.com', 'Anita', 'Krishnan', 'Healthcare professional dedicated to community wellness', 'Physician', (SELECT id FROM communities WHERE name = 'Austin Indian Association'), ARRAY['Internal Medicine', 'Public Health', 'Research'], ARRAY['Healthcare', 'Yoga', 'Volunteer Work', 'Reading'], 'Chennai', ARRAY['Tamil', 'English', 'Hindi'], null, null, 12, true),
('44444444-4444-4444-4444-444444444444', 'vikram.mehta@email.com', 'Vikram', 'Mehta', 'Finance professional with expertise in investment banking', 'Investment Banker', (SELECT id FROM communities WHERE name = 'New York Indian Chamber of Commerce'), ARRAY['Financial Analysis', 'Investment Strategy', 'Risk Management'], ARRAY['Finance', 'Tennis', 'Wine Tasting', 'Theater'], 'Delhi', ARRAY['Hindi', 'English', 'Punjabi'], 'https://linkedin.com/in/vikrammehta', null, 10, false),
('55555555-5555-5555-5555-555555555555', 'meera.shah@email.com', 'Meera', 'Shah', 'Marketing director passionate about brand storytelling', 'Marketing Director', (SELECT id FROM communities WHERE name = 'Chicago Desi Network'), ARRAY['Digital Marketing', 'Brand Strategy', 'Content Creation'], ARRAY['Marketing', 'Dancing', 'Art', 'Food'], 'Pune', ARRAY['Hindi', 'English', 'Marathi'], null, null, 7, false),
('66666666-6666-6666-6666-666666666666', 'arjun.reddy@email.com', 'Arjun', 'Reddy', 'Entrepreneur building the next generation of fintech solutions', 'Entrepreneur', (SELECT id FROM communities WHERE name = 'Boston Indian Professionals'), ARRAY['Entrepreneurship', 'Fintech', 'Machine Learning', 'Leadership'], ARRAY['Startups', 'Basketball', 'Podcasts', 'Meditation'], 'Hyderabad', ARRAY['Telugu', 'English', 'Hindi'], 'https://linkedin.com/in/arjunreddy', null, 6, true);

-- Insert sample businesses
INSERT INTO public.businesses (id, name, description, category, address, city, state, phone, email, website, rating, review_count, is_featured, owner_id, community_id) VALUES
('aaaaaaaa-aaaa-aaaa-aaaa-aaaaaaaaaaaa', 'Spice Garden Indian Cuisine', 'Authentic Indian restaurant serving traditional dishes from across India', 'restaurant', '123 Main Street', 'San Francisco', 'CA', '(415) 555-0101', 'info@spicegarden.com', 'https://spicegarden.com', 4.5, 287, true, '11111111-1111-1111-1111-111111111111', (SELECT id FROM communities WHERE name = 'San Francisco Bay Area Indian Community')),
('bbbbbbbb-bbbb-bbbb-bbbb-bbbbbbbbbbbb', 'Desi Grocery Mart', 'Your one-stop shop for Indian groceries, spices, and specialty items', 'grocery', '456 Oak Avenue', 'Seattle', 'WA', '(206) 555-0202', 'contact@desigrocery.com', 'https://desigrocery.com', 4.2, 156, false, '22222222-2222-2222-2222-222222222222', (SELECT id FROM communities WHERE name = 'Seattle Indian Professionals')),
('cccccccc-cccc-cccc-cccc-cccccccccccc', 'Ayurveda Wellness Center', 'Holistic healthcare combining modern medicine with ancient Ayurvedic practices', 'healthcare', '789 Wellness Way', 'Austin', 'TX', '(512) 555-0303', 'hello@ayurvedacenter.com', 'https://ayurvedacenter.com', 4.8, 94, true, '33333333-3333-3333-3333-333333333333', (SELECT id FROM communities WHERE name = 'Austin Indian Association')),
('dddddddd-dddd-dddd-dddd-dddddddddddd', 'Mehta Financial Advisory', 'Comprehensive financial planning and investment services', 'finance', '321 Wall Street', 'New York', 'NY', '(212) 555-0404', 'info@mehtafinancial.com', 'https://mehtafinancial.com', 4.6, 73, false, '44444444-4444-4444-4444-444444444444', (SELECT id FROM communities WHERE name = 'New York Indian Chamber of Commerce')),
('eeeeeeee-eeee-eeee-eeee-eeeeeeeeeeee', 'Bollywood Dance Academy', 'Learn traditional and modern Indian dance forms', 'education', '654 Dance Street', 'Chicago', 'IL', '(312) 555-0505', 'classes@bollywooddance.com', 'https://bollywooddance.com', 4.9, 128, true, '55555555-5555-5555-5555-555555555555', (SELECT id FROM communities WHERE name = 'Chicago Desi Network'));

-- Insert sample events
INSERT INTO public.events (id, title, description, event_type, start_date, end_date, location, address, is_free, ticket_price, max_attendees, current_attendees, organizer_id, community_id) VALUES
('event001-1111-1111-1111-111111111111', 'Diwali Celebration 2024', 'Join us for a grand Diwali celebration with traditional performances, food, and festivities', 'cultural', '2024-11-15 18:00:00+00', '2024-11-15 23:00:00+00', 'Community Center Hall', '100 Community Drive, San Francisco, CA', false, 25.00, 200, 87, '11111111-1111-1111-1111-111111111111', (SELECT id FROM communities WHERE name = 'San Francisco Bay Area Indian Community')),
('event002-2222-2222-2222-222222222222', 'Tech Networking Mixer', 'Connect with Indian tech professionals in the Seattle area', 'professional', '2024-08-20 19:00:00+00', '2024-08-20 22:00:00+00', 'Tech Hub Seattle', '500 Tech Avenue, Seattle, WA', true, null, 100, 45, '22222222-2222-2222-2222-222222222222', (SELECT id FROM communities WHERE name = 'Seattle Indian Professionals')),
('event003-3333-3333-3333-333333333333', 'Yoga and Wellness Workshop', 'Learn traditional yoga practices and meditation techniques', 'educational', '2024-08-25 10:00:00+00', '2024-08-25 16:00:00+00', 'Wellness Center', '789 Wellness Way, Austin, TX', false, 40.00, 50, 23, '33333333-3333-3333-3333-333333333333', (SELECT id FROM communities WHERE name = 'Austin Indian Association')),
('event004-4444-4444-4444-444444444444', 'Investment Seminar', 'Learn about smart investment strategies for the Indian diaspora', 'professional', '2024-09-10 14:00:00+00', '2024-09-10 17:00:00+00', 'Financial District Conference Room', '321 Wall Street, New York, NY', true, null, 75, 34, '44444444-4444-4444-4444-444444444444', (SELECT id FROM communities WHERE name = 'New York Indian Chamber of Commerce')),
('event005-5555-5555-5555-555555555555', 'Bollywood Dance Competition', 'Showcase your dancing skills in this exciting competition', 'cultural', '2024-09-15 15:00:00+00', '2024-09-15 20:00:00+00', 'Dance Academy', '654 Dance Street, Chicago, IL', false, 15.00, 150, 72, '55555555-5555-5555-5555-555555555555', (SELECT id FROM communities WHERE name = 'Chicago Desi Network'));

-- Insert event attendees
INSERT INTO public.event_attendees (event_id, attendee_id, status) VALUES
('event001-1111-1111-1111-111111111111', '22222222-2222-2222-2222-222222222222', 'attending'),
('event001-1111-1111-1111-111111111111', '33333333-3333-3333-3333-333333333333', 'attending'),
('event002-2222-2222-2222-222222222222', '11111111-1111-1111-1111-111111111111', 'attending'),
('event002-2222-2222-2222-222222222222', '44444444-4444-4444-4444-444444444444', 'maybe'),
('event003-3333-3333-3333-333333333333', '55555555-5555-5555-5555-555555555555', 'attending'),
('event004-4444-4444-4444-444444444444', '22222222-2222-2222-2222-222222222222', 'attending'),
('event005-5555-5555-5555-555555555555', '11111111-1111-1111-1111-111111111111', 'attending'),
('event005-5555-5555-5555-555555555555', '66666666-6666-6666-6666-666666666666', 'attending');

-- Insert sample posts
INSERT INTO public.posts (id, title, content, post_type, author_id, community_id, tags, upvotes, comment_count, is_pinned) VALUES
('post0001-1111-1111-1111-111111111111', 'Best Indian restaurants in Bay Area?', 'Hey everyone! I''m new to the Bay Area and looking for authentic Indian restaurants. Any recommendations for good South Indian food? Especially looking for places with great dosas and sambar!', 'question', '11111111-1111-1111-1111-111111111111', (SELECT id FROM communities WHERE name = 'San Francisco Bay Area Indian Community'), ARRAY['food', 'restaurants', 'recommendations'], 23, 8, false),
('post0002-2222-2222-2222-222222222222', 'Tech Career Growth Discussion', 'Starting a thread about career growth in tech. What are the best strategies for moving from individual contributor to management roles? Would love to hear experiences from fellow Indian professionals.', 'discussion', '22222222-2222-2222-2222-222222222222', (SELECT id FROM communities WHERE name = 'Seattle Indian Professionals'), ARRAY['career', 'tech', 'management'], 45, 12, true),
('post0003-3333-3333-3333-333333333333', 'Free Health Checkup Camp - This Weekend', 'Our community is organizing a free health checkup camp this weekend at the community center. We''ll have doctors volunteering for basic screenings. Please spread the word!', 'announcement', '33333333-3333-3333-3333-333333333333', (SELECT id FROM communities WHERE name = 'Austin Indian Association'), ARRAY['health', 'community', 'volunteer'], 67, 5, true),
('post0004-4444-4444-4444-444444444444', 'Investment Guide for H1B Holders', 'Comprehensive guide on investment options available for H1B visa holders. Covering 401k, IRA, taxable accounts, and tips for international investing. Let me know if you have questions!', 'resource', '44444444-4444-4444-4444-444444444444', (SELECT id FROM communities WHERE name = 'New York Indian Chamber of Commerce'), ARRAY['finance', 'investing', 'visa', 'guide'], 89, 15, false),
('post0005-5555-5555-5555-555555555555', 'Diwali Celebration Planning', 'Who''s excited for our upcoming Diwali celebration? We''re still looking for volunteers to help with decorations and food coordination. Also, if anyone knows good Bollywood DJs, please comment below!', 'discussion', '55555555-5555-5555-5555-555555555555', (SELECT id FROM communities WHERE name = 'Chicago Desi Network'), ARRAY['diwali', 'celebration', 'volunteers'], 34, 18, false);

-- Insert sample comments
INSERT INTO public.comments (id, post_id, author_id, content, upvotes, parent_comment_id) VALUES
('comment01-1111-1111-1111-111111111111', 'post0001-1111-1111-1111-111111111111', '22222222-2222-2222-2222-222222222222', 'I highly recommend Udupi Palace in Sunnyvale! Their dosas are amazing and the sambar is authentic.', 12, null),
('comment02-2222-2222-2222-222222222222', 'post0001-1111-1111-1111-111111111111', '33333333-3333-3333-3333-333333333333', 'Also try Saravana Bhavan - they have multiple locations and consistently good food.', 8, null),
('comment03-3333-3333-3333-333333333333', 'post0002-2222-2222-2222-222222222222', '44444444-4444-4444-4444-444444444444', 'Great topic! I transitioned to management 3 years ago. Key advice: start mentoring junior engineers and take on cross-team projects.', 15, null),
('comment04-4444-4444-4444-444444444444', 'post0002-2222-2222-2222-222222222222', '55555555-5555-5555-5555-555555555555', 'Communication skills are crucial. Consider taking leadership courses or getting an MBA part-time.', 9, null),
('comment05-5555-5555-5555-555555555555', 'post0003-3333-3333-3333-333333333333', '11111111-1111-1111-1111-111111111111', 'This is wonderful! Will there be any specialists for eye checkups? My elderly parents could really benefit from this.', 6, null);

-- Insert sample marketplace listings
INSERT INTO public.marketplace (id, title, description, category, price, is_negotiable, seller_id, community_id, location, contact_info, status, images) VALUES
('market01-1111-1111-1111-111111111111', 'Indian Pressure Cooker Set', 'Brand new Hawkins pressure cooker set with 3L and 5L cookers. Perfect for Indian cooking. Never used, received as gift.', 'goods', 89.99, true, '11111111-1111-1111-1111-111111111111', (SELECT id FROM communities WHERE name = 'San Francisco Bay Area Indian Community'), 'San Francisco, CA', '{"phone": "(415) 555-0101", "email": "priya.sharma@email.com"}', 'active', ARRAY[]),
('market02-2222-2222-2222-222222222222', 'Software Consulting Services', 'Offering web development and mobile app consulting services. Specializing in React, Node.js, and React Native. Competitive rates for community members.', 'services', 75.00, true, '22222222-2222-2222-2222-222222222222', (SELECT id FROM communities WHERE name = 'Seattle Indian Professionals'), 'Seattle, WA', '{"phone": "(206) 555-0202", "email": "rajesh.patel@email.com"}', 'active', ARRAY[]),
('market03-3333-3333-3333-333333333333', 'Roommate Wanted - 2BR Apartment', 'Looking for a roommate to share a beautiful 2-bedroom apartment near downtown Austin. Indian vegetarian household, no smoking. Rent $800/month including utilities.', 'housing', 800.00, false, '33333333-3333-3333-3333-333333333333', (SELECT id FROM communities WHERE name = 'Austin Indian Association'), 'Austin, TX', '{"phone": "(512) 555-0303", "email": "anita.krishnan@email.com"}', 'active', ARRAY[]),
('market04-4444-4444-4444-444444444444', 'Financial Analyst Position', 'Our investment firm is hiring a Financial Analyst. 3+ years experience required. Excellent benefits and growth opportunities. Indian candidates encouraged to apply.', 'jobs', 85000.00, false, '44444444-4444-4444-4444-444444444444', (SELECT id FROM communities WHERE name = 'New York Indian Chamber of Commerce'), 'New York, NY', '{"email": "careers@mehtafinancial.com", "website": "https://mehtafinancial.com/careers"}', 'active', ARRAY[]),
('market05-5555-5555-5555-555555555555', 'Indian Classical Music Lessons', 'Experienced classical vocalist offering online and in-person music lessons. Beginner to advanced levels welcome. First lesson free for community members!', 'services', 50.00, true, '55555555-5555-5555-5555-555555555555', (SELECT id FROM communities WHERE name = 'Chicago Desi Network'), 'Chicago, IL', '{"phone": "(312) 555-0505", "email": "music@bollywooddance.com"}', 'active', ARRAY[]);

-- Insert sample resources
INSERT INTO public.resources (id, title, description, content, category, author_id, community_id, external_url, helpful_count, is_featured, tags) VALUES
('resource1-1111-1111-1111-111111111111', 'H1B to Green Card Timeline Guide', 'Comprehensive guide covering the entire process from H1B to permanent residency', 'This guide covers: PERM process timeline, I-140 filing, priority dates, adjustment of status, and common pitfalls to avoid. Updated for 2024 immigration policies.', 'Immigration', '44444444-4444-4444-4444-444444444444', (SELECT id FROM communities WHERE name = 'New York Indian Chamber of Commerce'), 'https://example.com/h1b-guide', 156, true, ARRAY['immigration', 'h1b', 'green card', 'visa']),
('resource2-2222-2222-2222-222222222222', 'Indian Grocery Shopping Guide - Bay Area', 'Complete list of Indian grocery stores with specialties and price comparisons', 'Detailed reviews of 20+ Indian grocery stores across Bay Area including Fremont, Sunnyvale, and South Bay. Includes specialty items availability and price ranges.', 'Lifestyle', '11111111-1111-1111-1111-111111111111', (SELECT id FROM communities WHERE name = 'San Francisco Bay Area Indian Community'), null, 89, false, ARRAY['grocery', 'shopping', 'bay area', 'food']),
('resource3-3333-3333-3333-333333333333', 'Ayurvedic Home Remedies for Common Ailments', 'Traditional Indian home remedies backed by modern research', 'Collection of time-tested Ayurvedic remedies for cold, flu, digestive issues, and stress. Includes preparation methods and scientific backing where available.', 'Health', '33333333-3333-3333-3333-333333333333', (SELECT id FROM communities WHERE name = 'Austin Indian Association'), 'https://example.com/ayurveda-guide', 234, true, ARRAY['ayurveda', 'health', 'home remedies', 'wellness']),
('resource4-4444-4444-4444-444444444444', 'Tech Interview Preparation for Indian Students', 'Comprehensive guide for acing tech interviews at top companies', 'Covers data structures, algorithms, system design, and behavioral questions. Includes cultural considerations and communication tips for international candidates.', 'Career', '22222222-2222-2222-2222-222222222222', (SELECT id FROM communities WHERE name = 'Seattle Indian Professionals'), 'https://example.com/tech-interview-guide', 312, true, ARRAY['tech', 'interview', 'career', 'coding']),
('resource5-5555-5555-5555-555555555555', 'Planning Indian Festivals in America', 'Guide to organizing traditional festivals while adapting to American settings', 'Tips for organizing Diwali, Holi, Navratri, and other festivals. Includes vendor recommendations, decoration ideas, and food planning for large groups.', 'Culture', '55555555-5555-5555-5555-555555555555', (SELECT id FROM communities WHERE name = 'Chicago Desi Network'), null, 178, false, ARRAY['festivals', 'culture', 'planning', 'events']);

-- Insert sample mentorships
INSERT INTO public.mentorships (id, mentor_id, mentee_id, focus_areas, message, status) VALUES
('mentor01-1111-1111-1111-111111111111', '44444444-4444-4444-4444-444444444444', '11111111-1111-1111-1111-111111111111', ARRAY['Career Transition', 'Finance', 'Investment'], 'Hi Vikram, I''m a software engineer looking to transition into fintech. Would love to learn about the finance industry from your perspective.', 'approved'),
('mentor02-2222-2222-2222-222222222222', '33333333-3333-3333-3333-333333333333', '55555555-5555-5555-5555-555555555555', ARRAY['Healthcare Marketing', 'Work-Life Balance'], 'Hello Dr. Krishnan, I''m in marketing but interested in healthcare sector. Could use guidance on industry transition and maintaining work-life balance.', 'pending'),
('mentor03-3333-3333-3333-333333333333', '22222222-2222-2222-2222-222222222222', '66666666-6666-6666-6666-666666666666', ARRAY['Product Management', 'Startup Strategy'], 'Hi Rajesh, I''m building a fintech startup and would value your product management expertise. Looking for guidance on product strategy and user research.', 'approved');